,Factor_1,Factor_2,Factor_3,Factor_4,Factor_5,Factor_6,Factor_7,Factor_8,Factor_9,Factor_10,Factor_11,Factor_12,Factor_13,Factor_14,Factor_15,Factor_16,Factor_17,Factor_18,Factor_19,Factor_20,Factor_21,Factor_22,Factor_23,Factor_24,Factor_25,Factor_26,Factor_27,Factor_28,Factor_29,Factor_30,Factor_31,Factor_32,Factor_33,Factor_34,Factor_35,Factor_36,Factor_37,Factor_38,Factor_39,Factor_40
"prefers_type_regular_cups_(chocolate,_vanilla,_strawberry,_mango)",-0.12367930659768722,-0.16615477688547522,-0.13584461058019587,-0.3342556517101198,-0.10305578470825653,0.19290606098572766,-0.028316081740861972,0.06524336862713988,0.2027127939289878,0.16863398291895546,-0.17176944485731513,-0.18876588425113142,-0.10511121709826897,0.06099406327433497,0.0884819842111665,-0.1562888356901239,-0.08910183547039026,0.14404646437375762,0.03612664905888337,0.12091422892142384,-0.10871573318289095,-0.008727866416300061,-0.17637849663485294,-0.4125929679864681,0.029631400990016942,-0.05385143796381673,0.24832724196375447,-0.022333553550789736,-0.03782442782872652,-0.1039047677238816,-0.05813771287607538,-0.009860595707492877,0.07356736812634063,0.13728647430355195,-0.0426090982588578,-0.4213709900048674,-0.07910973274623585,-0.1537968459129199,-0.034130146898421976,0.05680340839358959
prefers_type_premium_cups_(exclusive_flavors),-0.1497040397914493,-0.006238316134176648,-0.24813413101239884,-0.04977169840403534,0.14549467668220253,0.014365287490575395,0.10797008782596103,0.008768227326393471,-0.045392478061824774,-0.23930785559306278,0.13909342938333397,-0.004757219203451054,0.1898646653802641,-0.45100083886874254,0.0793873859931394,-0.002780632177201489,-0.06473158748537376,-0.06533286904630327,-0.038694284845132126,-0.27221283187153633,0.22162675814503746,-0.1206413280491477,-0.16916483986335268,0.09935281071513768,0.08095803045630921,-0.06013139201627605,0.31067023171486763,-0.17763909149713594,0.4022676804157644,-0.08864011383447892,-0.08408085686129266,-0.036044850553565926,0.12779222365079368,0.0013068777670982668,0.012921254040985,0.01880315928578444,-0.06820780306460905,-0.13260245754635544,-0.029426750127966545,0.04897546178719531
prefers_type_cone,-0.12069026321823248,0.0839908402881991,0.05148919615811805,-0.25803621586643616,0.11698531668620211,-0.0017007935227526623,0.11790380269757486,0.16775476035082987,-0.23413125362721335,-0.003592610436128602,0.2277550381022122,0.02728463561746037,0.20853189843725986,0.2504697279545901,-0.13975856506543033,0.10938159624521372,-0.16319961841114794,0.17867450778875277,-0.2388552418995235,0.36753616699219804,-0.0003416405454684807,-0.14305059617190766,-0.3160161645683366,0.27045700009344276,-0.23149731342085522,0.02192297456170634,0.008217092917673084,0.17807114883524103,-0.04670876464331497,-0.1400608933290199,0.0453927232931926,0.0077262259028605534,0.030828884071319836,0.01107714546434956,-0.02786828062228855,0.06183960396455746,-0.07865271140182538,-0.15290835294441313,-0.0339329751335959,0.056475251930788575
prefers_type_lolly,-0.17761240494261882,0.08911551548358401,-0.13820375965168066,0.07692527156740858,0.08472048149907609,0.17418728319031085,0.1937582614251066,-0.03741342219269953,-0.007789804884771342,0.05515518121770843,0.10933919967752703,-0.2153465854057935,-0.0636751479890223,-0.2917627777570203,-0.22809238249452649,-0.3408698213647096,-0.17923456242332844,-0.009184872345524125,-0.007107113413833739,0.2538080181779416,0.14952790720841322,-0.12926066676560305,0.2869686666092917,-0.10213527168578175,-0.1265337936794582,-0.08299505382363476,-0.19715548504860597,-0.057615872167483956,-0.18354169180448818,0.24926261407569675,-0.11193871677198448,0.022116720832291898,-0.19801905426901467,-0.2394327787593508,0.037226719459047576,0.05696010526874974,-0.06820780306460937,-0.13260245754635466,-0.029426750127966424,0.048975461787194946
"prefers_type_ice_cream_sticks_(chocbar,_crunchy_bar_etc.)",-0.16781700754329992,-0.16844708663023178,-0.1015883302084594,-0.130603597021052,-0.2759629753123552,-0.13037970446824992,0.01903925114137569,-0.20772648979730424,-0.048944488320952766,-0.17397849710731836,0.22989879241667627,0.24730642759511093,-0.1529611323768565,-0.05796879876984483,-0.14666496954886177,0.053129307708692654,0.2256788594010512,-0.11276078078636502,0.0725820487865241,-0.0886479165949347,-0.052652606304663695,0.0337911375198186,0.15747128319803347,0.26717227847749386,-0.13688713022853194,0.14306610245581114,-0.069685101452848,0.17033539286231142,-0.08307698161426867,0.08178592846060437,-0.04847596133460914,-0.04154917216998308,-0.020974119753100907,0.024223418115237507,0.15438922406926175,-0.4902615753555764,-0.07880153407303253,-0.15319767837426393,-0.03399718138804546,0.05658211153803719
prefers_type_box_or_tubs,-0.1787245271861654,0.1604563756545999,-0.098392060226564,0.01442645575178799,-0.006239061700745168,-0.10395712896862645,-0.09600784052568868,0.17012276762985934,-0.0696910803904106,-0.007939071983024525,-0.3010926688206727,-0.20737309714420232,-0.21083347183298706,0.06472938948238575,-0.07012925071099436,-0.14655857742480166,0.33907504795408383,-0.29077677853998535,0.1640027926248729,0.06854354236474038,0.030982816980497742,0.11112640926942925,-0.13763873545354488,0.08787984826183796,-0.07020517435003393,-0.29414670099472867,-0.24581104283439206,0.17666067845680425,0.2053958653436587,-0.22256279551135122,0.028856679561050227,-0.16064358612336185,0.15412200653698396,-0.07578455220595269,0.06593923359174889,0.12568843594795975,-0.07782330989541997,-0.15129591751766508,-0.03357514817263028,0.0558797141776563
prefers_type_scoops_(from_ice_cream_parlor),-0.1515537835525609,0.08847295199309405,-0.2338850478674426,0.1498026044387944,0.1364397220904019,-0.08792991370174806,-0.012372050527244246,0.23428788792884792,-0.016342872724614873,0.18884565109575152,0.09444578333628297,0.1276518693631939,0.07770272765809272,0.059175218661119786,-0.24358876251060216,0.09098120961332375,-0.04615743623348159,-0.18777724632560402,-0.20809147986004944,-0.2339522748171375,-0.3083500168706037,-0.20835832965457146,0.1447181618385811,-0.2414719143431891,0.3102902868158043,0.20695712439591515,-0.18227692344272287,0.06339919718077763,-0.06878938745404703,-0.10001254331445483,-0.031973142029500384,-0.13467836427642932,0.023574975744166667,0.23863161265200344,-0.08173770046111101,0.04790620118919579,-0.0734993385266363,-0.1428897058512724,-0.031709666229029924,0.05277495951578487
prefers_type_other,-0.09296671330457133,-0.27516680943978,-0.18555071371116294,-0.30093818160430835,-0.34626618006459503,0.08625799255473958,0.048277761878421435,-0.11144256002635962,0.11358339769804031,-0.02102712790501192,0.03849589508521345,0.11598603704778085,-0.16443757969797,-0.04615153088659722,0.0975177713422262,0.002287926302164058,0.08158685012507942,0.13305071290164736,-0.0012248527362182363,-0.050282974045462385,-0.06497528260584973,-0.003605101071669381,-0.07254063808397324,-0.03154881171073003,0.09236394395946619,0.11491146824002518,-0.07927295843275972,0.02517433684253859,-0.05145018168188738,0.10622310585506152,0.19871974887865648,0.027967463360518335,0.0020512591356401317,-0.022728183868815286,-0.0386886938724035,0.6515512691246812,-0.06654916908197613,-0.12937791530360163,-0.028711169130371538,0.04778450765019628
factor_taste,-0.08546038535907131,0.07199948013835634,0.020965478643562498,-0.13142955433537817,0.04238849007858453,0.17640593027969098,-0.199372462268279,-0.1211545467627123,-0.35252861261416835,-0.1846799365603005,-0.06834631076419449,-0.2633977013466932,-0.3163125445754177,-0.023554759717267195,0.016267120075871208,0.33690498192116564,-0.15710976156753445,-0.06336783700677177,-0.289576677537228,-0.22811916651158334,-0.13679623463710586,0.0509876566482665,0.02754228577011959,-0.11508551594873358,-0.27804791629047937,-0.04226720830086649,-0.12243846107681874,-0.28530534400343194,-0.027380123516406688,0.01393754781035458,0.11275808691137036,0.006260273774280621,-0.07100522754671044,0.06478346005157588,0.06258935401318179,-0.01329001866033095,0.027173637076746724,-0.006255546983276651,-0.018922195199413072,0.17387186104125643
factor_price,-0.17588346598461005,0.05734599330901232,0.12894487637320443,-0.1362291834956108,0.17477987396165334,0.15536004415071578,0.21751377536159083,-0.13101854878779384,0.05236112657431874,0.09456246899309935,0.013468060193888154,0.1529144695214736,-0.1395848950903837,0.2667064852361304,-0.04725145400459919,0.14617295325658547,-0.2137214098027961,0.05384047339584394,0.320480818623107,-0.14102467908398625,0.30478772597218196,0.02714401334763463,-0.03669566808790966,-0.1290572472893228,0.10994536590523504,0.12280406981544523,-0.2872358605088979,0.1348933463279344,0.39723896838400474,0.03862431487267553,-0.07529203100076955,0.054533532282061904,-0.14498602928616092,0.021486391283647863,0.022665518498369765,-0.04061723449140567,0.03643140818744049,-0.008386745761702556,-0.025368787224371147,0.23310816744971935
factor_availability,-0.17838146517749406,0.036487686732043195,0.03886862914257439,-0.009505853952608284,-0.0912574906374175,0.04851184171518207,0.22185085858343473,0.0008572038354546325,-0.09785742501762498,-0.27484609082448874,-0.29353347217515646,-0.1723911421141748,0.2816686506395125,-0.05827910792559767,0.3037301134181671,0.18233470185606498,-0.048395833084881025,-0.09584031350808918,0.07655291840708085,-0.04422695471655363,0.09330895887027923,-0.19877430690291717,0.1668067886406487,-0.011022718967711535,0.15778904875814415,-0.02756603774010903,-0.02855169059155816,0.36861568738110656,-0.32701210419069976,0.017816155261523393,0.1622830608247868,0.07949706410985541,0.13229368786164922,-0.017779098015643556,-0.15320587941640193,-0.07588386058161559,0.03376964081659076,-0.00777398969964596,-0.023515281871944214,0.21607671725696265
factor_brand_reputation,-0.21770275198361758,-0.10148135356119,-0.04749591153743902,0.008858220235807906,0.09095599941924357,-0.20228115909541627,-0.28625101359413024,0.2612833226162708,0.08045788160122642,-0.08948587007551728,-0.13602784427124617,-0.004025355044884255,-0.10655805959900402,0.022305348187594068,-0.0944969258178081,0.18641652913905124,0.03902570952699755,0.12473764958182144,0.14206378587845003,0.0996447407488756,0.1666162518339448,-0.03215450661441062,0.048683050097201315,0.1475355511126243,-0.008487993333905106,-0.10039160953940605,0.24819771862609522,-0.019771695453524685,-0.12311138325975189,0.3288354613396749,-0.31666913874737085,-0.11685526346189812,-0.2367124448538476,0.317118071896714,-0.12630895643112708,0.13672243483758098,0.03376964081659049,-0.007773989699646416,-0.023515281871944228,0.2160767172569622
factor_flavors,-0.22896181628529133,0.16062115452743722,-0.03801025807106104,0.1371805997904851,-0.08479948764329556,-0.04814815509584972,0.10769732682854356,0.20216887635993916,-0.03373457676857113,0.12693833682084998,-0.08614846768247694,-0.08666672806302675,-0.04480465917778645,-0.0648955118572979,0.009693886500820063,-0.08192033857203304,-0.14528530234562176,0.00024350381799597884,0.06251935236896282,0.09889066292909364,-0.2171675188897051,0.38670114467921873,-0.1227885587005905,0.24154939678274984,0.11019733919960698,0.3727899614987064,0.052079708575215974,-0.1872484986421094,0.06263184973258623,0.29999858905582777,0.12883715500217796,0.21169353056785362,0.2915813588240229,-0.04404333171868396,0.02703703215863196,-0.06755519961730966,0.03430020727606994,-0.007896129529718932,-0.0238847385657309,0.2194715729936205
factor_packaging,-0.18245256116199737,-0.11435321268012273,-0.05739659979988394,-0.11508576697733441,0.020595328228598254,-0.13108024105017424,0.13282945508842897,-0.0020252596046427783,-0.13438638332897657,-0.19048353287647984,-0.09821203602787365,0.28166751503292964,0.31271675492324996,0.15618210706969582,-0.1369524170969088,-0.033288671652948174,0.07523273992579924,-0.017153683143023676,-0.06281171014027592,0.09216163760824252,-0.005344574399913706,0.4551247017342428,0.13661021111351448,-0.22412674978017652,0.11962938131806095,-0.1814469455629803,0.05052786170819534,-0.30922429854347105,-0.10457581870714763,-0.21800433199517805,-0.02541699346060028,-0.01621210135155585,-0.1741537817166137,-0.21868631506300193,0.030800214109032092,0.028860343598482125,0.028793889253834262,-0.006628539512392381,-0.020050447846658985,0.18423912474580964
factor_health_value,-0.10166753602022131,-0.3268903319533529,-0.20659971483327072,0.39851285496555433,0.08400090938479775,-0.037932564947222025,0.012070248027644302,-0.21378351216561903,0.030859760048983876,0.03928882834970768,-0.0035239488924650748,-0.07859499795559187,0.040801271133014905,0.15936845302726743,0.019504691603890855,-0.010304070276698291,0.010232489285936945,0.05682869309379721,-0.017203377964885587,0.02403396803876861,-0.019933673092718124,-0.0844309851704873,-0.12488999725051853,-0.005555642536244799,-0.1616561309634219,-0.0033499406902876812,-0.007051501858848788,0.0005138650122747078,0.026835152454563627,-0.054708081158926856,0.060705838905517596,0.037137718225111346,0.028275696615967086,-0.01760342340267551,-0.001206674286057597,-0.001246181698026574,0.1460036276786268,-0.2770082397678647,0.6711985087934044,0.18821956733357864
factor_other,-0.10166753602022131,-0.3268903319533529,-0.20659971483327072,0.39851285496555433,0.08400090938479775,-0.037932564947222004,0.012070248027644451,-0.21378351216561914,0.030859760048984025,0.03928882834970756,-0.0035239488924650028,-0.07859499795559188,0.04080127113301512,0.15936845302726768,0.019504691603890994,-0.010304070276698314,0.010232489285936742,0.05682869309379686,-0.017203377964885955,0.02403396803876851,-0.01993367309271821,-0.0844309851704869,-0.12488999725051846,-0.00555564253624502,-0.16165613096342174,-0.0033499406902877268,-0.007051501858849106,0.000513865012274236,0.026835152454563877,-0.05470808115892701,0.06070583890551788,0.037137718225111416,0.028275696615967502,-0.01760342340267554,-0.0012066742860575904,-0.0012461816980265529,-0.0967489353516015,0.26566949107079746,-0.70549671113072,0.12693901801615462
willing_to_try_pistachio,-0.14614433833822285,0.10937333200301182,0.04600307564836128,-0.01974126819670198,-0.23650060424674826,-0.365188501914605,-0.04444317150726526,-0.02771382755096685,-0.23556028098970355,0.4026202404005421,0.06402988309414866,0.06597168506190257,-0.050685889810546496,0.011095537988386195,0.09420779958073401,-0.00909468624197303,-0.005249262995099423,-0.0847960039179802,-0.0014099205801337681,-0.13695912104399474,0.17090469492084465,-0.13822783779044825,-0.0668739742845078,-0.11421928043970256,-0.1170952608692624,-0.036905920108351704,0.14243407848895542,-0.0730458879368358,0.04276330677211795,0.08650449244112796,0.1789717376816888,-0.06049389588086303,-0.14011678907505495,-0.29711036377689554,-0.49175055258871964,-0.08488424941814865,7.921611782500116e-16,1.1579310480592122e-16,-8.941282475624944e-17,2.5549860393309626e-16
willing_to_try_orange,-0.032988943314016556,0.1763676417515883,-0.14604073830880418,0.07475002401481826,-0.2166128182542614,-0.08677149652119202,0.03024059263982863,-0.09731189674245631,0.44913340523557516,-0.14344222668517206,0.09216684742784266,-0.15951161100242772,-0.14847790426627216,0.141941435974841,0.14011034987144838,0.1894088646311952,-0.19845295174940467,0.027576311103675016,-0.39184064323720397,0.10064783030588496,-0.02582976710401519,0.12751246237171754,0.06765939242352012,0.1856109302290465,0.20707178555607347,-0.12716433606439298,-0.08768262663636273,0.044245009059354155,0.13792900027069005,-0.09846514267303447,-0.2353728419885585,-0.0884806526875912,-0.06942897339105036,-0.21868595203160132,-0.21184545437494365,-0.06469672494813118,1.9960558546945348e-16,2.104572851396644e-16,-3.471757672197452e-18,2.253606984291804e-17
willing_to_try_carrot,-0.05865848608459991,0.21962285032939785,0.02867323472237656,-0.11819660850449783,0.25508925323657194,-0.21020712502778893,0.17946066298697907,-0.28463853417808566,0.22494397942064331,-0.03200686969841984,-0.02359146865723274,-0.10693729849799162,0.09170561912211087,-0.08499584659678504,-0.13873931364853073,-0.06190289247710544,0.04964297824053628,0.16543481848714972,0.005184889070595022,-0.10446991664024467,-0.3169632303922355,0.22100088615053343,0.18285232117533493,-0.0693048445221492,-0.29092980741554414,-0.07225409743355114,0.19701103658029412,0.27192475690174456,0.15907445238895165,0.0959780017924715,0.24696120105843813,-0.08933210095431557,-0.06047342182304085,0.19685508084975356,-0.15600057206419599,0.08689304600853713,-1.8411305024617096e-16,-7.9014314466219505e-16,-1.709225067102929e-16,3.2109330344298074e-17
willing_to_try_jalpai,-0.05244320088360496,0.32191362451122485,-0.06560958826833993,0.0847462193917544,0.092374514136987,-0.006728699498722565,0.011183310252187008,0.029469746142939998,0.2796902049478098,-0.20097842160723564,0.09885134337988392,0.018625108784724693,-0.022253334070188358,-0.17619082205142436,-0.011053171004190345,0.21245294292480307,0.2702259548712857,0.11802910184298353,0.24570923449848958,-0.011202000240696586,-9.420995002243367e-05,-0.018515906034294826,-0.38805583191326637,-0.19326489339898698,-0.1690543832227916,0.28214570317193854,-0.13107589000463393,-0.14206410613860537,-0.31059400128424114,-0.17949835595327407,-0.0373689254320197,0.042685053813956174,-0.13173336456717655,-0.14939183876458173,-0.11675684594372673,-0.023163291935720833,2.8823305964005186e-17,9.454699631208523e-17,1.0586467499204672e-16,-5.127099113282432e-17
willing_to_try_none_of_these,0.10444663378107229,-0.22357272461718153,0.015008370244648536,-0.07308811368848896,0.33940272820827244,0.29447578511780725,-0.08962345364788317,0.09679307809589613,-0.10971096836660414,-0.27186231638618136,-0.022599593241067646,-0.018184606438451222,-0.1486546603148089,0.10159429571894156,-0.05744606629443215,-0.17916000589276113,0.1434491190836885,-0.01919231428909458,0.05316556285762995,-0.006825823428589967,-0.23789798005837878,-0.045839715479133174,0.015828268420438305,0.17220979497129377,0.18695175362944405,0.17118171684338473,0.064238684907797,0.04521294473903081,0.10028800778654479,0.07000935934752604,0.08117641850960057,-0.10512122772593697,-0.14150421800379892,-0.3177885200564673,-0.4634637326364012,-0.09145628586388908,4.045844579163075e-16,2.428580737776313e-16,-1.164698193395278e-16,4.092320406167619e-16
willing_to_try_other,0.06027358265668666,0.03149066231988476,-0.13721282274683616,-0.07730048145856373,-0.075081178008093,0.21693176152148178,-0.30086414332299366,-0.2133794405214576,0.01730743848310263,0.19484820173518003,-0.34849737448862284,0.040375988926139854,0.3450630928348809,-0.13239230097469937,-0.21697281326377243,0.16608977455512985,0.015803183594562963,0.1684033601304273,-0.05508386339445232,0.0732742200569863,0.18092113674303553,0.06513200375894493,0.10518744641365396,0.08234747163403085,-0.10126988301457189,0.2666332056628529,-0.13451315525600493,-0.012578010298171072,0.07983920727810022,0.016628038638887444,-0.05203381763193781,-0.37798298235434613,0.2062680087105619,-0.1115464845767771,-0.0985105400100044,-0.029397082177428834,-3.061497947192471e-16,1.0599686419765058e-15,3.1654593091380477e-16,-9.560578902487306e-16
marketing_channel_social_media,-0.08057695247167067,-0.22002167655583357,0.15388435324558405,-0.05679225894253541,0.15088753089580625,-0.12390395753502884,0.19806330618372783,0.08915167050989249,0.026360008244399144,0.23453653935612656,-0.10020722867322843,0.0895265727589472,-0.0700728350230608,-0.3248988300505782,0.19090018036415382,0.32405034422110085,0.06875601823031562,0.18888209011599982,0.11291694739072868,0.2136579707617574,-0.327385467920932,-0.17703470370923083,0.15511822157983274,0.11851487350764572,0.00881436547791375,-0.1600350355787796,-0.20479318885919484,-0.19069602151559278,0.12926858944003705,-0.11459035742267187,-0.032777738485760856,-0.05531605249279595,0.017678897314627552,-0.09884433958053018,0.02114762762554161,-0.05977010112466213,0.2558347521070548,-0.17193384359124594,-0.03777627268899914,-0.042336684198289086
marketing_channel_tv_ads,-0.10993677631918487,-0.07577155239611723,0.3073621974574582,-0.05464494991351261,0.049481025771276756,-0.1833938420199237,-0.04953726160133738,-0.3427334473822447,-0.14335926674589358,0.015677169345705087,0.014073153750800588,-0.27009046794213915,0.1275901079877187,-0.10749572998059469,-0.003262768405278416,-0.12821615881047177,0.15783866309956612,-0.030509945802429172,-0.20306074178107428,0.007720620995710446,-0.04084390879505183,0.05527747260793541,-0.371094392103751,-0.08803574949661126,0.3376182321909231,0.1162857910186426,-0.10459087828959779,0.10118577162760499,-0.033182764824285935,0.1861913215362237,-0.2208353119715742,-0.11591235600076917,-0.14597122993075198,0.026059051542150737,0.11314908603947726,0.008272197897121695,0.2743203110667305,-0.18435707060279616,-0.04050582960149074,-0.04539575754723376
marketing_channel_word_of_mouth,-0.07984776409850143,0.1411760885220346,0.000262258032177856,0.19665720934502814,-0.03827677481320623,0.44638437596309444,0.04052256866134543,-0.14601658562691666,-0.054941161023798306,0.1551754856015655,0.0656770720837277,0.22062722694149772,-0.12166706657370908,-0.09205101329062867,-0.22652153402438432,0.23785726109424737,0.25322929119144444,-0.07087283769906792,-0.1230449149615183,0.13150561120330348,0.06587973044937981,0.11726795854695199,-0.07277953330302546,-0.033804411846947345,0.1374461659881962,-0.29588625991679557,0.2237358291348091,0.12461126863427323,-0.03195784614301896,0.06670944298133513,0.04440009044948009,0.24812358077039434,0.09713234622255253,0.09662749466673193,-0.18166162205971018,-0.001055200952543777,0.25815004592459945,-0.1734898376921841,-0.038118146378505885,-0.04271982942141486
marketing_channel_in-store_promotions___shopkeeper_recommendation,-0.08534817880741873,0.05061039126857751,0.08337791954134562,0.07215965139306414,-0.32144820221289633,0.20041436814107733,-0.026315292040226153,0.2482346274431778,0.021659205372478993,-0.13638223793780094,0.22482575312081163,-0.15254050892635684,0.3636663934597037,0.2231466665511608,0.027489623908759628,-0.10104768470262923,0.20007477569025356,0.21998081691038396,0.08444905035331134,-0.22501736231286115,-0.13284552630905963,-0.06269382212579083,0.07012682623542767,-0.06500176380834836,-0.1741559964731638,-0.16432983222839628,-0.208298131613361,-0.1467185831841103,0.2071816700216912,0.22072146016220054,-0.08487991587329369,-0.0031838508566787277,0.04039960861741342,0.05750921949816677,-0.10174733184951844,-0.03704781195704124,0.24248974425409614,-0.1629653259288979,-0.03580576379003936,-0.04012829234205708
marketing_channel_billboards,-0.1490726867558324,-0.06777879013206364,0.2604501731740289,0.0049274033238714135,-0.13370817945693766,0.1509188968274846,-0.06647065945720322,-0.08074955083781195,0.21458364923357118,0.013172119106905288,-0.011256303174261706,0.024880802175473074,0.10345166028396355,0.040961371269620246,-0.1632016364427751,0.020918628583116713,-0.38052318173619526,-0.46966489046555454,0.26378114578851347,-0.09241049578487091,-0.24267436304324985,-0.061096176185138136,-0.07946709902462538,0.11271661780814332,-0.17659906585752672,-0.002675027569163408,0.2260869852545181,-0.0260623437242285,-0.10847108777091938,-0.13569748828467593,-0.12171131738447515,-0.14065942688472996,-0.01758266158272129,-0.1347879303561808,0.02303189898933665,0.15569560091479026,0.20494123908437842,-0.13773083858202687,-0.030261393610955617,-0.03391459700787838
marketing_channel_online_ads,-0.17417134381159569,-0.0016174158059875194,0.173523281020708,-0.0068577219417047565,0.10026884446167572,-0.034311693232431585,-0.05781716261527777,0.07512500871934996,0.28225672996109974,-0.07004448701070856,-0.28594554676157796,0.2600068598566722,-0.1049263580789404,-0.013593771187480848,-0.08479945861398763,-0.33450040730348074,-0.08715497371444272,0.15226046422992628,-0.3034730209092095,-0.2579697288516384,0.21964041380466132,-0.1145076158732774,-0.06700326151816878,0.20811664943736866,-0.03911044421150937,-0.04748950996421913,-0.15388565294623005,-0.12512080720787694,-0.15393685622706524,-0.08246057800953205,0.2741089002584749,0.07727260027907534,0.007503669681169915,0.08697214119720569,-0.019901968518304024,-0.09929753181740192,0.2624528430461429,-0.17638153415330696,-0.038753492577761686,-0.04343187562078385
marketing_channel_other,-0.048777804834933824,0.2355700347667591,-0.14645755993747803,-0.17714726529319774,0.24853051442739957,-0.11182179046627444,-0.10997799487678418,-0.30744397464963263,0.043479759255510536,-0.05974113556668992,0.17460226436436982,0.029082998369102615,-0.05894302851733536,0.33046798797125143,0.09627201160495058,-0.02529470982155945,0.04613479585246867,-0.02783106562495273,0.17563619647463696,0.10405469416311401,0.020320304243054144,-0.22814335195022165,0.10588886637851393,0.0137512050826889,0.17240424267885524,-0.11908951675740469,0.059491840133889876,-0.3019154833534379,-0.16064135122838857,0.18539170376778707,0.0827570810325751,-0.13606596638190663,0.42695492528893,-0.05757153304182268,0.07460866969750952,0.01637823066954603,0.143296123271101,-0.096302214780483,-0.021158944918086772,-0.023713286282658598
motivation_price_discounts,-0.05402642458809402,-0.17784541543871643,0.059825058354949515,-0.21179165592775342,0.25095149686572576,0.06721685650798354,0.16947989580338674,0.05869267049651573,0.1358862790808629,0.3039704792788771,0.11307175506712476,-0.22625535186090273,0.03409727893236402,0.10875494213663967,0.13473865036415109,0.028623831183113974,0.29386610902244986,-0.1975710067277468,-0.16652113858855908,-0.22898401114176395,0.2007451416909771,0.1799456192828546,0.19029794845352288,0.13601781789341097,-0.19723405331433,0.15962947057226481,0.019051842543481905,-0.058566610262550216,-0.1824448611187344,-0.09729904154394702,-0.2929442230822234,0.17194918815992077,0.16911679866673845,-0.0039960017768869965,-0.12193358254552535,0.08835447827640235,1.2444070551855271e-16,-6.669700081638011e-18,1.6883410622058484e-17,9.578659538932322e-17
motivation_new_flavors,-0.172001244141378,0.1305020004697196,0.12623810292065452,0.1602472543722236,-0.1256839513702902,0.04232005510109624,0.020032217088060526,-0.14059076784038488,-0.29959258581502907,0.007946613736626877,0.054441170606194085,-0.07386792058918026,-0.214721282047608,-0.001040093157396093,-0.024233078908284442,-0.19650768828279083,-0.05595406655401751,0.46201454703043404,0.16604903901840873,-0.14697206030481513,-0.03904924808097565,0.028888811818981067,0.17740367876334476,0.11655337395302971,0.11316755721843776,0.07704352546359136,0.15113753933395208,0.02855044594937682,-0.12851694720334503,-0.45318262507414575,-0.25964434703642236,-0.08647450379235908,0.12373815020541613,0.06289906471811696,-0.08267553035337549,0.10955572207672688,-1.4028625396880523e-16,-5.722394040101867e-16,2.2359938434997477e-17,-1.8432911507143938e-16
motivation_availability,-0.1894761646789908,0.14100079285387432,0.19415338061469134,0.055293447083124926,-0.11266249159923047,0.005042770186192562,0.018129978126331367,-0.05637271024518645,0.04079383574174137,-0.15304819604863615,-0.198869357743534,0.07519310550704335,-0.04686431717077501,0.12146368894483028,0.06890201850484881,-0.05991722728105875,0.2646375966263659,-0.12319308959208528,-0.20864253286201437,0.30268790441601495,-0.0009838156412847426,-0.3287879613012045,0.23657408145687453,-0.1581125363243744,-0.11679006077490774,0.38341521367863207,0.2404156295688751,-0.10522690583537989,0.31625241381396213,-0.07044124597829753,-0.06715165520070271,0.14474669230612341,-0.06605931438129439,0.012763907288135005,0.10155363080654264,0.08621541536128083,-8.903287399774929e-16,6.88633730452109e-17,1.6994357362823215e-16,-2.7264584362616887e-16
motivation_attractive_packaging,-0.15080418401189732,-0.006883113880230721,0.038730823653438815,0.023609571682404462,0.16236410289796377,-0.023100800966984095,-0.3539639644172242,0.0005493075892157945,-0.05514708364401834,-0.10349402322442104,0.08877790866532839,0.3827486481605669,-0.010729765362930698,-0.14400748619241957,0.34966854865372554,-0.15309685111852772,-0.15831555992930332,-0.015446711073182446,-0.08283277165201229,0.06661248804327366,-0.10943300984551306,0.14353757090930017,-0.006319872011143806,-0.24356237250234525,-0.21952710432905453,-0.03390661008087524,-0.16311612583777124,0.2752255923203936,0.029075210012967256,0.08563073759763305,-0.2927836201092914,0.13057276641661028,0.2695923425000611,-0.08780969659870076,-0.11716232044840777,0.05449256453336381,-1.2932303231059074e-16,-3.97672458572743e-17,1.508079360714487e-17,1.5617772496542841e-16
motivation_brand_reputation,-0.2149792129892787,-0.0707257111715226,0.12345195095013758,0.010293252570609047,0.09517035084767508,-0.028345256923289517,-0.3449262252193088,0.194154138577372,0.13467605383757947,0.07149905433487308,0.1810735132339829,-0.1656093324347434,0.010810465808898497,-0.004173738924901947,-0.13037233269110016,0.1831363686231954,0.053219017956030686,0.2137748677484891,-0.030317143255789273,-0.13765349329050722,0.06123048318642322,0.004117329097512009,0.1418685812141652,-0.10495570658530591,0.1212534712850207,-0.0018503510553067911,0.19856514121558097,0.2486745350392773,0.025861326670314683,-0.022569713188201376,0.22858292550937603,0.10239894610829056,0.028823805248156906,-0.45648025825890415,0.3746506902506279,0.002753081301098878,-1.1693767154746553e-15,1.0821522645139984e-15,2.522271634475637e-16,5.929829487294061e-16
motivation_word_of_mouth,-0.14969703827821007,0.18247451642154275,-0.10655806740427902,0.11765636536354213,0.08112606947250971,0.2995608602801031,0.11040341639582442,0.06793010893480061,-0.03494037703553933,0.18815212245622448,0.010441880152242577,0.1783260987428862,-0.0031296451533634503,0.08518994042645402,0.4802788652877742,-0.0641091141922682,0.09915088522474605,0.007771834883052516,-0.09451963076496112,-0.07752928064935316,-0.047301241317919795,0.09058209855596473,-0.045276788506779166,0.11084723699017747,-0.0540224616216116,0.01271726648552133,0.14568441838905064,0.06345504623735974,-0.09567340371091881,0.09861607116802551,0.06640955433942171,-0.4701528126698425,-0.30107486452639964,-0.029233785295718843,0.2855081172214309,-0.010205701062795246,1.441386292068341e-16,7.937117348832899e-16,1.897703448308639e-16,-7.220348504962245e-17
motivation_advertisement,-0.19460357885430593,-0.06386033541217113,0.1021615091734225,0.01893110453628005,0.014108771941856061,0.08018132977997729,-0.3205131437775033,-0.045381138475902014,0.07528488187241084,0.01987614732856296,0.3489839848117968,-0.14017905167234146,0.11361205580201533,-0.1286734681735242,0.18862956056980226,-0.05528017319754756,-0.024775076349751086,-0.1531072828575868,0.11302431491176707,0.28906589189610166,0.15296616837242044,0.16870678014788565,0.1546439494325121,0.062280509967012065,0.11335965400787162,0.08028828344535618,-0.14123381496629853,-0.09991061202222573,0.04928482144677751,-0.25994785723567837,0.36539592818788835,-0.040782033839179346,-0.1484339256801726,0.34283148954717974,-0.1588686502207271,-0.03132932265601593,8.758325878056289e-17,-4.927793242109367e-16,-1.384166132947496e-16,-2.8470392410261565e-16
motivation_other,-0.02929627291945259,0.20285716941171067,-0.3098853777284576,-0.17375007217204388,0.03542841963668155,0.03669393988931313,-0.2796916360709026,-0.1886728911038951,-0.0462628299511185,0.1891136175722164,-0.1621175593534752,-0.005536339861072505,0.22009849173551574,0.03916656514496529,0.09756050633866038,-0.08242134019820858,0.013136065479961975,0.014509794341401365,0.11109366476674438,-0.09580744290916934,-0.217746212638678,-0.11944537436421335,0.009676253419623748,0.27422939048204753,0.07573980519952031,-0.06786178388673748,-0.042555227027513486,0.001958948857989768,0.021666611820886573,-0.09069435342363247,-0.10807459612931211,0.5109563961759542,-0.35570277438003983,-0.027197758765829427,0.07090844590892373,-0.007770238451597486,-3.4655440258469213e-16,-6.089487878416934e-16,-1.6447469610248514e-16,2.1572866789190376e-16
num_types_preferred,-0.29810834619406357,-0.046698690968503785,-0.27104753435153434,-0.21847457201122697,-0.06406957878515511,0.030831915752620186,0.08294576307135233,0.07993247164775485,-0.030928282759834724,-0.004674715409258074,0.0881835114281397,-0.025457010756153295,-0.05888636258296163,-0.08448277484355743,-0.14743890799739354,-0.09553478162349463,0.03354255034817158,-0.05575491366287942,-0.05523510455358317,0.05204480138010117,-0.041695612096134434,-0.11510582097409994,-0.08059450844113639,-0.012167343168406144,-0.021718718427728902,-0.0036626530086522223,-0.052858791040364214,0.10287393861361258,0.03190533898502292,-0.06733074244000584,-0.017661346665291584,-0.08637542173359458,0.05426334664764514,0.026075051211459328,0.02276862756957658,-0.01826739531967442,0.2886920889742702,0.5612448833151504,0.12454982545207458,-0.2072904819765575
num_purchase_factors,-0.3321447480368752,-0.0993734425620756,-0.06735715380623639,0.10292880455587938,0.07705669564529531,-0.01679148128609352,0.06974126102805778,-0.02367395004317092,-0.09716641027922912,-0.10795355967102427,-0.18026825228183163,-0.05184200579824075,0.014121156930328746,0.14850180669497443,0.02589875276877407,0.18710454405128943,-0.12127055035081431,0.029142368521858895,0.08817918149905064,-0.01846253273721904,0.06259336120865884,0.1386228933836376,0.002138961766384109,-0.013716557219698515,0.006224993702950146,0.05286465848661338,-0.028740242846869643,-0.05251548847046723,-0.008370919747931176,0.12230652272156887,0.014739387660067946,0.07860791506177427,-0.03599119402665913,0.032844193823257664,-0.04259398785698594,-0.011015743889890432,-0.12109218533983933,0.027876204151898697,0.08432179916338003,-0.7748143379970314
num_marketing_channels,-0.2694075957053188,-0.01370080518133981,0.34096269798748513,0.019315684093573704,-0.001730356929260482,0.13479422430153845,-0.005215278119212012,-0.13767140174785444,0.12718444002773582,0.0722880231301572,-0.004052993977358244,0.07111772980458904,0.09075971952973533,-0.046217880656506345,-0.07033360798588865,-0.003837129162403313,0.1237343147999967,0.02261756217799704,-0.059189724318785844,-0.05465504439183542,-0.1526472711883559,-0.13878639620602268,-0.12691062592379548,0.09430214965375312,0.10197885544481834,-0.2387040187295002,-0.09121777307481789,-0.16269158076727133,-0.030258285024218196,0.10697025041122762,-0.029547961643520918,-0.01645952088196691,0.09049952057102302,0.011836297637347571,-0.03830794603964448,-0.021640184249093586,-0.6508116919741673,0.4373782480044664,0.09609812483535246,0.10769924276798296
